1,Just posted a photo @ Malioboro https://t.co/GQiUC4cww2
1,"RT @JogjaUpdate: #jogja @nestarifa  miris ya lik, dadi tempat sampah, padahal pedestrian malioboro wes disediake tempat sampah  https://"
1,RT @JogjaUpdate: #jogja @yussantaavvi: Yang kangen Malioboro mana suaranya?    https://t.co/4CJTchRDh1
1,RT @JogjaUpdate: #jogja @yussantaavvi: Yang kangen Malioboro mana suaranya?    https://t.co/4CJTchRDh1
1,#JogjaBO #jogja #Yogyakarta #malioboro #hotel #mahasiswa #futsal #ngentot #ngewe #kontol #horny #sange #bisex https://t.co/Rg66xrXA3B
1,can't resist not to miss my man. #gimananih @ Malioboro https://t.co/rEp8PgSR8L
1,RT @JogjaUpdate: #jogja @yussantaavvi: Yang kangen Malioboro mana suaranya?    https://t.co/4CJTchRDh1
1,"With Damar, Novi, and Erwine at Malioboro Lounge [pic]  https://t.co/Mcv99IqhBJ"
1,"RT @JogjaUpdate: #jogja @nestarifa  miris ya lik, dadi tempat sampah, padahal pedestrian malioboro wes disediake tempat sampah  https://"
1,RT @JogjaUpdate: #jogja @yussantaavvi: Yang kangen Malioboro mana suaranya?    https://t.co/4CJTchRDh1
1,RT @JogjaUpdate: #jogja @yussantaavvi: Yang kangen Malioboro mana suaranya?    https://t.co/4CJTchRDh1
1,#pariwisatamedan #pariwisatasumaterautara #pariwisatalombok hotel melati di yogyakarta sekitar malioboro KLIK https://t.co/zrZq2CGei6
1,"Camera, Malioboro &amp; @p_sharast #makeportraits #rsa_portraits #simplyportraits #folkportraits https://t.co/6PigLPWBBD"
1,"""prawan kalimantan"" pengamen angklung NEW BANESA malioboro yogyakarta: https://t.co/0T9EPslJpb via @YouTube"
1,"RT @JogjaUpdate: #jogja @nestarifa  miris ya lik, dadi tempat sampah, padahal pedestrian malioboro wes disediake tempat sampah  https://"
1,Nggak asik klo nggak bluuurrr #Moonlight #streetlight #malioboro #Yogyakarta https://t.co/04SlG6CkG9
1,#pariwisataindonesia #pariwisata_sumut #pariwisatasumutnet hotel murah di jogja dekat malioboro 2015 KLIK https://t.co/zrZq2CGei6
1,RT @JogjaUpdate: #jogja @yussantaavvi: Yang kangen Malioboro mana suaranya?    https://t.co/4CJTchRDh1
1,RT @JogjaUpdate: #jogja @yussantaavvi: Yang kangen Malioboro mana suaranya?    https://t.co/4CJTchRDh1
1,Just posted a photo @ Malioboro https://t.co/OS5pSkAkwe
1,RT @JogjaUpdate: #jogja @yussantaavvi: Yang kangen Malioboro mana suaranya?    https://t.co/4CJTchRDh1
1,RT @JogjaUpdate: #jogja @yussantaavvi: Yang kangen Malioboro mana suaranya?    https://t.co/4CJTchRDh1
1,RT @JogjaUpdate: #jogja @yussantaavvi: Yang kangen Malioboro mana suaranya?    https://t.co/4CJTchRDh1
1,"RT @JogjaUpdate: #jogja @nestarifa  miris ya lik, dadi tempat sampah, padahal pedestrian malioboro wes disediake tempat sampah  https://"
1,RT @JogjaUpdate: #jogja @yussantaavvi: Yang kangen Malioboro mana suaranya?    https://t.co/4CJTchRDh1
1,RT @JogjaUpdate: #jogja @yussantaavvi: Yang kangen Malioboro mana suaranya?    https://t.co/4CJTchRDh1
1,RT @JogjaUpdate: #jogja @yussantaavvi: Yang kangen Malioboro mana suaranya?    https://t.co/4CJTchRDh1
1,RT @JogjaUpdate: #jogja @yussantaavvi: Yang kangen Malioboro mana suaranya?    https://t.co/4CJTchRDh1
1,RT @JogjaUpdate: #jogja @yussantaavvi: Yang kangen Malioboro mana suaranya?    https://t.co/4CJTchRDh1
1,#piknikyuk #pariwisata #pariwisatasumut hotel murah di yogyakarta dekat malioboro 2015 KLIK https://t.co/zrZq2CGei6
1,RT @JogjaUpdate: #jogja @yussantaavvi: Yang kangen Malioboro mana suaranya?    https://t.co/4CJTchRDh1
1,RT @JogjaUpdate: #jogja @yussantaavvi: Yang kangen Malioboro mana suaranya?    https://t.co/4CJTchRDh1
1,"@JogjaUpdate @yussantaavvi aku lho min, kangen malioboro sik selow. tiap hari lewat, macett e tambah parah "
1,RT @JogjaUpdate: #jogja @yussantaavvi: Yang kangen Malioboro mana suaranya?    https://t.co/4CJTchRDh1
1,RT @JogjaUpdate: #jogja @yussantaavvi: Yang kangen Malioboro mana suaranya?    https://t.co/4CJTchRDh1
1,RT @JogjaUpdate: #jogja @yussantaavvi: Yang kangen Malioboro mana suaranya?    https://t.co/4CJTchRDh1
1,RT @JogjaUpdate: #jogja @yussantaavvi: Yang kangen Malioboro mana suaranya?    https://t.co/4CJTchRDh1
1,RT @JogjaUpdate: #jogja @yussantaavvi: Yang kangen Malioboro mana suaranya?    https://t.co/4CJTchRDh1
1,"""NITIP KANGEN"" pengamen angklung NEW BANESA malioboro yogyakarta: https://t.co/WMXLr962Aj via @YouTube"
1,RT @JogjaUpdate: #jogja @yussantaavvi: Yang kangen Malioboro mana suaranya?    https://t.co/4CJTchRDh1
1,RT @JogjaUpdate: #jogja @yussantaavvi: Yang kangen Malioboro mana suaranya?    https://t.co/4CJTchRDh1
1,RT @JogjaUpdate: #jogja @yussantaavvi: Yang kangen Malioboro mana suaranya?    https://t.co/4CJTchRDh1
1,#jogja @yussantaavvi: Yang kangen Malioboro mana suaranya?    https://t.co/4CJTchRDh1
1,At Jambuluwuk Malioboro Boutique Hotel  https://t.co/SJdWiDKwyd
1,At Malioboro [pic]  https://t.co/9X6ccKO9Hd
1,#piknikmurah #piknikceria #piknikki hotel di yogyakarta dekat malioboro mall KLIK https://t.co/zrZq2CGei6
1,"RT @JogjaUpdate: #jogja @nestarifa  miris ya lik, dadi tempat sampah, padahal pedestrian malioboro wes disediake tempat sampah  https://"
1,"My Family...  @ Jalan Malioboro Yogyakarta https://t.co/QEPKWjEASC"
1,"""lungset"" pengamen angklung NEW BANESA malioboro yogyakarta: https://t.co/4SjqTRRBJP via @YouTube"
1,"RT @JogjaUpdate: #food: Sepertinya ngantri disini yg bikin kangen di malioboro,,  ~@gaisandfriends:  https://t.co/MhKccVsuuE"